Unnamed: 0,0,x,y,name,num,z,year,7,8,9,altitude,base,formation,top,_top_abs,md
0,2904,33.38,0.01,NO_1,12,-20,XX,14,0,0.409,108.7132874,30,Shale,0,108.7132874,0
0,2904,74,0.1,NO_1,12,-18,XX,14,0,0.409,107.7132874,90,niyan1,30,1144.310364,1035.597077
0,2904,250,0.37,NO_1,12,-15,XX,14,0,0.409,100.7132874,240,niyan2,90,1760.958924,1652.245636
0,2904,479.97,0.41,NO_1,12,-16,XX,14,0,0.409,99.7132874,550,niyan3,240,2218.698181,2109.984893
0,2904,899.95,1.32,NO_1,12,-10,XX,14,0,0.409,80.7132874,816,niyan4,550,2218.706971,2109.993683
0,2904,1109.89,1.07,NO_1,12,-27,XX,14,0,0.409,70.7132874,1154,niyan5,816,2907.741272,2799.027984
0,2904,1919.59,4.91,NO_1,12,-29,XX,14,0,0.409,60.7132874,2090,shayan1,1154,3171.041077,3062.327789
0,2904,2340,8,NO_1,12,-20,XX,14,0,0.409,40.7132874,2889,shayan2,2090,3271.33136,3162.618072
0,2904,2538.24,178.56,NO_1,12,-15,XX,14,0,0.409,20.7132874,2920,shayan3,2889,3432.635315,3323.922027
